Weight,Gender,Smoking,Hx Smoking,Hx Radiothreapy,Thyroid Function,Physical Examination,Adenopathy,Pathology,Focality,Risk,T,N,M,Stage,Response,Recurred
-1.73315,F,No,No,No,Euthyroid,Single nodular goiter-left,No,Micropapillary,Uni-Focal,Low,T1a,N0,M0,I,Indeterminate,No
-1.17833,F,No,Yes,No,Euthyroid,Multinodular goiter,No,Micropapillary,Uni-Focal,Low,T1a,N0,M0,I,Excellent,No
-1.49537,F,No,No,No,Euthyroid,Single nodular goiter-right,No,Micropapillary,Uni-Focal,Low,T1a,N0,M0,I,Excellent,No
1.04094,F,No,No,No,Euthyroid,Single nodular goiter-right,No,Micropapillary,Uni-Focal,Low,T1a,N0,M0,I,Excellent,No
1.04094,F,No,No,No,Euthyroid,Multinodular goiter,No,Micropapillary,Multi-Focal,Low,T1a,N0,M0,I,Excellent,No
0.248347,M,Yes,No,No,Euthyroid,Multinodular goiter,No,Micropapillary,Multi-Focal,Low,T1a,N0,M0,I,Indeterminate,No
-0.62351,F,No,Yes,No,Clinical Hyperthyroidism,Single nodular goiter-right,No,Micropapillary,Uni-Focal,Low,T1a,N0,M0,I,Excellent,No
-0.227211,F,No,No,No,Euthyroid,Single nodular goiter-right,No,Micropapillary,Uni-Focal,Low,T1a,N0,M0,I,Excellent,No
0.169087,F,No,No,No,Euthyroid,Single nodular goiter-right,No,Micropapillary,Uni-Focal,Low,T1a,N0,M0,I,Excellent,No
-0.70277,F,No,No,No,Euthyroid,Single nodular goiter-right,No,Micropapillary,Uni-Focal,Low,T1a,N0,M0,I,Excellent,No
2.07132,F,No,No,No,Euthyroid,Single nodular goiter-right,No,Micropapillary,Uni-Focal,Low,T1a,N0,M0,I,Excellent,No
0.803166,F,No,No,No,Euthyroid,Single nodular goiter-left,No,Micropapillary,Uni-Focal,Low,T1a,N0,M0,I,Excellent,No
0.010568,F,No,No,No,Euthyroid,Multinodular goiter,No,Micropapillary,Uni-Focal,Low,T1a,N0,M0,I,Excellent,No
0.0898277,F,No,No,No,Clinical Hyperthyroidism,Multinodular goiter,No,Micropapillary,Uni-Focal,Low,T1a,N0,M0,I,Excellent,No
0.486126,F,No,No,No,Clinical Hyperthyroidism,Multinodular goiter,No,Micropapillary,Uni-Focal,Low,T1a,N0,M0,I,Excellent,No
