Weight,Gender,Smoking,Hx Smoking,Hx Radiothreapy,Thyroid Function,Physical Examination,Adenopathy,Pathology,Focality,Risk,T,N,M,Stage,Response,Recurred
25,F,No,No,No,Euthyroid,Single nodular goiter-left,No,Micropapillary,Uni-Focal,Low,T1a,N0,M0,I,Indeterminate,No
32.2917,F,No,Yes,No,Euthyroid,Multinodular goiter,No,Micropapillary,Uni-Focal,Low,T1a,N0,M0,I,Excellent,No
28.125,F,No,No,No,Euthyroid,Single nodular goiter-right,No,Micropapillary,Uni-Focal,Low,T1a,N0,M0,I,Excellent,No
61.4583,F,No,No,No,Euthyroid,Single nodular goiter-right,No,Micropapillary,Uni-Focal,Low,T1a,N0,M0,I,Excellent,No
61.4583,F,No,No,No,Euthyroid,Multinodular goiter,No,Micropapillary,Multi-Focal,Low,T1a,N0,M0,I,Excellent,No
51.0417,M,Yes,No,No,Euthyroid,Multinodular goiter,No,Micropapillary,Multi-Focal,Low,T1a,N0,M0,I,Indeterminate,No
39.5833,F,No,Yes,No,Clinical Hyperthyroidism,Single nodular goiter-right,No,Micropapillary,Uni-Focal,Low,T1a,N0,M0,I,Excellent,No
44.7917,F,No,No,No,Euthyroid,Single nodular goiter-right,No,Micropapillary,Uni-Focal,Low,T1a,N0,M0,I,Excellent,No
2,F,No,No,No,Euthyroid,Single nodular goiter-right,No,Micropapillary,Uni-Focal,Low,T1a,N0,M0,I,Excellent,No
38.5417,F,No,No,No,Euthyroid,Single nodular goiter-right,No,Micropapillary,Uni-Focal,Low,T1a,N0,M0,I,Excellent,No
75,F,No,No,No,Euthyroid,Single nodular goiter-right,No,Micropapillary,Uni-Focal,Low,T1a,N0,M0,I,Excellent,No
58.3333,F,No,No,No,Euthyroid,Single nodular goiter-left,No,Micropapillary,Uni-Focal,Low,T1a,N0,M0,I,Excellent,No
47.9167,F,No,No,No,Euthyroid,Multinodular goiter,No,Micropapillary,Uni-Focal,Low,T1a,N0,M0,I,Excellent,No
48.9583,F,No,No,No,Clinical Hyperthyroidism,Multinodular goiter,No,Micropapillary,Uni-Focal,Low,T1a,N0,M0,I,Excellent,No
54.1667,F,No,No,No,Clinical Hyperthyroidism,Multinodular goiter,No,Micropapillary,Uni-Focal,Low,T1a,N0,M0,I,Excellent,No
