Weight,Gender,Smoking,Hx Smoking,Hx Radiothreapy,Thyroid Function,Physical Examination,Adenopathy,Pathology,Focality,Risk,T,N,M,Stage,Response,Recurred
27,F,No,No,No,Euthyroid,Single nodular goiter-left,No,Micropapillary,Uni-Focal,Low,T1a,N0,M0,I,Indeterminate,No
34,F,No,Yes,No,Euthyroid,Multinodular goiter,No,Micropapillary,Uni-Focal,Low,T1a,N0,M0,I,Excellent,No
30,F,No,No,No,Euthyroid,Single nodular goiter-right,No,Micropapillary,Uni-Focal,Low,T1a,N0,M0,I,Excellent,No
62,F,No,No,No,Euthyroid,Single nodular goiter-right,No,Micropapillary,Uni-Focal,Low,T1a,N0,M0,I,Excellent,No
62,F,No,No,No,Euthyroid,Multinodular goiter,No,Micropapillary,Multi-Focal,Low,T1a,N0,M0,I,Excellent,No
52,M,Yes,No,No,Euthyroid,Multinodular goiter,No,Micropapillary,Multi-Focal,Low,T1a,N0,M0,I,Indeterminate,No
41,F,No,Yes,No,Clinical Hyperthyroidism,Single nodular goiter-right,No,Micropapillary,Uni-Focal,Low,T1a,N0,M0,I,Excellent,No
46,F,No,No,No,Euthyroid,Single nodular goiter-right,No,Micropapillary,Uni-Focal,Low,T1a,N0,M0,I,Excellent,No
51,F,No,No,No,Euthyroid,Single nodular goiter-right,No,Micropapillary,Uni-Focal,Low,T1a,N0,M0,I,Excellent,No
40,F,No,No,No,Euthyroid,Single nodular goiter-right,No,Micropapillary,Uni-Focal,Low,T1a,N0,M0,I,Excellent,No
75,F,No,No,No,Euthyroid,Single nodular goiter-right,No,Micropapillary,Uni-Focal,Low,T1a,N0,M0,I,Excellent,No
59,F,No,No,No,Euthyroid,Single nodular goiter-left,No,Micropapillary,Uni-Focal,Low,T1a,N0,M0,I,Excellent,No
49,F,No,No,No,Euthyroid,Multinodular goiter,No,Micropapillary,Uni-Focal,Low,T1a,N0,M0,I,Excellent,No
50,F,No,No,No,Clinical Hyperthyroidism,Multinodular goiter,No,Micropapillary,Uni-Focal,Low,T1a,N0,M0,I,Excellent,No
55,F,No,No,No,Clinical Hyperthyroidism,Multinodular goiter,No,Micropapillary,Uni-Focal,Low,T1a,N0,M0,I,Excellent,No
